{"count":1,"self":2349.2071424,"total":3213.4111854999996,"children":{"InitializeActuators":{"count":4,"self":0.0020047,"total":0.0020047,"children":null},"InitializeSensors":{"count":4,"self":0.0049946,"total":0.0049946,"children":null},"AgentSendState":{"count":714884,"self":40.564054399999996,"total":66.9442384,"children":{"CollectObservations":{"count":571908,"self":4.1240255999999995,"total":4.1240255,"children":null},"WriteActionMask":{"count":571908,"self":0.73696679999999992,"total":0.73696679999999992,"children":null},"RequestDecision":{"count":571908,"self":3.3631484,"total":21.519190899999998,"children":{"AgentInfo.ToProto":{"count":571908,"self":2.6783501999999997,"total":18.1560424,"children":{"GenerateSensorData":{"count":571908,"self":12.648271999999999,"total":15.4776922,"children":{"RayPerceptionSensor.Perceive":{"count":1715724,"self":2.8294204,"total":2.8294205,"children":null}}}}}}}}},"DecideAction":{"count":714884,"self":779.1983616,"total":779.1983811,"children":null},"AgentAct":{"count":714884,"self":18.037504,"total":18.0524622,"children":{"AgentInfo.ToProto":{"count":568,"self":0.0059821,"total":0.0149582,"children":{"GenerateSensorData":{"count":568,"self":0.0059881,"total":0.008976099999999999,"children":{"RayPerceptionSensor.Perceive":{"count":1704,"self":0.0029879999999999998,"total":0.0029879999999999998,"children":null}}}}}}}},"gauges":{"Hummingbird.CumulativeReward":{"count":568,"max":3.02323914,"min":-17.5,"runningAverage":-0.263071626,"value":0,"weightedAverage":-2.95495628E-09}},"metadata":{"timer_format_version":"0.1.0","start_time_seconds":"1650306421","unity_version":"2021.2.7f1","command_line_arguments":"C:\\Program Files\\Unity\\Hub\\Editor\\2021.2.7f1\\Editor\\Unity.exe -projectpath E:\\ArtFx\\PersonalProject4 -useHub -hubIPC -cloudEnvironment production -licensingIpc LicenseClient-Corentin -hubSessionId 493d9720-bf1e-11ec-808f-771757ca6905 -accessToken po_uKN9y0VNn98tMIh7udV97epRs4sNz-0Vh9z7vWa400ff","communication_protocol_version":"1.5.0","com.unity.ml-agents_version":"2.0.1","scene_name":"Training","end_time_seconds":"1650309634"}}